link,link_from
https://www.facebook.com/EmpireLife/,https://www.empire.ca/
https://www.linkedin.com/company/1356397/,https://www.empire.ca/
https://twitter.com/EmpireLife,https://www.empire.ca/
https://www.instagram.com/empirelife/,https://www.empire.ca/
link,link_from
https://www.facebook.com/EmpireLife/,https://www.empire.ca/
https://www.linkedin.com/company/1356397/,https://www.empire.ca/
https://twitter.com/EmpireLife,https://www.empire.ca/
https://www.instagram.com/empirelife/,https://www.empire.ca/
